Make,Colour,Odometer (KM),Doors,Seats,Fuel Milage,Total Fuel Used,Price
Honda,White,35431.0,4.0,5,3.94,8992.64,15323.0
BMW,Blue,192714.0,5.0,5,5.41,35621.81,19943.0
Honda,White,84714.0,4.0,5,4.32,19609.72,28343.0
Toyota,White,154365.0,4.0,5,4.71,32773.89,13434.0
Nissan,Blue,181577.0,3.0,5,3.11,58384.89,14043.0
Honda,Red,42652.0,4.0,5,4.05,10531.36,23883.0
Toyota,Blue,163453.0,4.0,5,4.74,34483.76,8473.0
Honda,White,131958.99,4.0,5,4.75,27780.84,20306.0
Honda,Blue,51029.0,4.0,5,3.19,15996.55,26683.0
Nissan,White,167421.0,4.0,5,4.34,38576.27,16259.0
Nissan,Green,17119.0,4.0,5,3.14,5451.91,6160.0
Nissan,White,102303.0,4.0,5,4.27,23958.55,16909.0
Honda,Blue,199833.0,4.0,5,4.39,45520.05,18946.0
Toyota,Blue,205592.0,4.0,5,3.79,54245.91,16290.0
Toyota,Red,96742.0,4.0,5,5.26,18392.02,34465.0
BMW,White,194189.0,5.0,5,5.77,33654.94,17177.0
Nissan,White,67991.0,3.0,5,4.25,15997.88,9109.0
Nissan,Blue,215820.0,4.0,5,3.47,62195.97,6010.0
Toyota,White,124844.0,4.0,5,5.97,20911.89,24130.0
Honda,White,30615.0,4.0,5,3.85,7951.95,29653.0
Toyota,White,148744.0,4.0,5,3.17,46922.4,22489.0
Honda,Green,130075.0,4.0,5,3.18,40904.09,21242.0
Honda,Blue,172718.0,4.0,5,4.11,42023.84,14274.0
Honda,Blue,125819.0,4.0,5,4.71,26713.16,15686.0
Honda,White,180390.0,4.0,5,4.21,42847.98,13344.0
Honda,Green,82783.0,4.0,5,5.87,14102.73,10984.0
Honda,White,56687.0,4.0,5,5.81,9756.8,6135.0
Toyota,White,112004.0,4.0,5,3.44,32559.3,13586.0
Nissan,Blue,34024.0,4.0,5,5.61,6064.88,23929.0
Toyota,White,108569.0,5.0,5,4.72,23001.91,6866.0
Nissan,White,203795.0,4.0,5,3.54,57569.21,9330.0
Nissan,Green,153554.0,3.0,5,3.34,45974.25,9780.0
Honda,Blue,71949.0,4.0,5,3.4,21161.47,17516.0
Honda,Blue,191622.0,4.0,5,5.33,35951.59,8738.0
Nissan,Blue,38186.0,4.0,5,4.84,7889.67,23438.0
Nissan,White,131958.99,4.0,5,4.46,29587.22,15131.0
Nissan,Blue,146430.0,3.0,5,5.87,24945.49,9224.0
Toyota,Green,109868.0,4.0,5,5.44,20196.32,6574.0
Toyota,Blue,189209.0,4.0,5,3.11,60838.91,7100.0
Honda,Black,200490.0,4.0,5,3.9,51407.69,6337.0
Toyota,Blue,141617.0,4.0,5,4.46,31752.69,19085.0
Toyota,Blue,213893.0,4.0,5,4.18,51170.57,5743.0
Nissan,Blue,231057.0,4.0,5,3.7,62447.84,5925.0
Toyota,White,100938.0,4.0,5,3.53,28594.33,25196.0
Toyota,Blue,243969.0,5.0,5,5.0,48793.8,16138.0
Nissan,White,107096.0,3.0,5,4.2,25499.05,6075.0
Toyota,Black,86333.0,4.0,5,4.8,17986.04,9928.0
Toyota,Red,184878.0,4.0,5,5.71,32377.93,7445.0
Honda,White,161068.0,5.0,5,3.56,45243.82,13698.0
Toyota,Blue,77646.0,4.0,5,3.35,23177.91,17422.0
Toyota,Blue,246817.0,4.0,5,4.9,50370.82,8269.0
BMW,White,79937.0,5.0,5,5.99,13345.08,48686.0
Honda,White,82039.0,4.0,5,3.95,20769.37,15662.0
BMW,Red,162176.0,5.0,5,5.16,31429.46,19186.0
Toyota,White,97375.0,4.0,5,3.44,28306.69,11479.0
Toyota,Blue,230908.0,4.0,5,3.24,71267.9,12883.0
BMW,Red,208124.0,5.0,5,3.64,57176.92,24668.0
Honda,Black,16933.0,4.0,5,4.44,3813.74,12172.0
Honda,Green,57198.0,4.0,5,3.56,16066.85,25068.0
Honda,Green,47019.0,4.0,5,5.0,9403.8,20370.0
Toyota,White,170085.0,4.0,5,3.06,55583.33,5383.0
BMW,White,178796.0,5.0,5,5.97,29949.08,18396.0
Toyota,Blue,223390.0,4.0,5,4.53,49313.47,9648.0
Toyota,Black,93054.0,4.0,5,3.85,24169.87,6652.0
Toyota,Blue,42459.0,4.0,5,4.0,10614.75,6386.0
BMW,White,37513.0,5.0,5,3.4,11033.24,32379.0
Nissan,White,123121.0,4.0,5,5.29,23274.29,22436.0
Toyota,White,204213.0,4.0,5,3.28,62260.06,6860.0
Honda,White,131958.99,4.0,5,3.44,38360.17,5648.0
Toyota,Blue,191232.0,4.0,5,3.01,63532.23,18355.0
Toyota,Blue,156478.0,5.0,5,4.62,33869.7,20424.0
Toyota,Blue,140465.0,4.0,5,3.14,44734.08,15154.0
Toyota,Blue,238425.0,4.0,5,5.91,40342.64,6502.0
Honda,Blue,186146.0,4.0,5,3.2,58170.62,18310.0
Honda,Black,149879.0,4.0,5,4.27,35100.47,8200.0
Toyota,Blue,34097.0,4.0,5,3.35,10178.21,20142.0
Nissan,Blue,180021.0,3.0,5,5.58,32261.83,13199.0
Toyota,Blue,248447.0,4.0,5,4.51,55088.03,5708.0
Toyota,Green,61651.0,4.0,5,4.02,15336.07,13430.0
Nissan,Blue,24219.0,3.0,5,4.91,4932.59,10283.0
Nissan,Blue,131958.99,4.0,5,3.12,42294.55,3300.0
Honda,White,108415.0,4.0,5,3.58,30283.52,20936.0
Nissan,Red,61892.0,5.0,5,3.32,18642.17,18160.0
Nissan,White,197844.0,4.0,5,3.91,50599.49,5776.0
Toyota,White,53765.0,4.0,5,4.35,12359.77,18595.0
Honda,White,115183.0,4.0,5,4.86,23700.21,6481.0
Honda,White,130783.0,4.0,5,3.88,33706.96,6283.0
Honda,Green,130076.0,4.0,5,4.51,28841.69,6762.0
Honda,Blue,143707.0,4.0,5,3.77,38118.57,16337.0
Toyota,Blue,29856.0,4.0,5,3.35,8912.24,11392.0
Toyota,Black,133433.0,4.0,5,5.44,24528.12,16519.0
Toyota,Red,147455.0,4.0,5,4.24,34777.12,22296.0
Honda,White,48069.0,4.0,5,4.08,11781.62,12196.0
Honda,Blue,146233.0,4.0,5,5.36,27282.28,14202.0
Toyota,White,224657.0,4.0,5,5.3,42388.11,13250.0
Honda,White,150582.0,5.0,5,4.43,33991.42,7404.0
Honda,White,195787.0,4.0,5,3.58,54689.11,5316.0
Honda,White,71329.0,4.0,5,5.07,14068.84,10125.0
Honda,Blue,229206.0,4.0,5,4.24,54058.02,13614.0
Toyota,White,218803.0,4.0,5,3.6,60778.61,13283.0
Honda,White,184869.0,4.0,5,4.52,40900.22,11584.0
Nissan,Blue,129769.0,3.0,5,5.05,25696.83,15617.0
Honda,Blue,219217.0,4.0,5,5.87,37345.32,4747.0
Toyota,White,221050.0,4.0,5,4.74,46635.02,6391.0
Nissan,White,82726.0,4.0,5,4.8,17234.58,17802.0
Nissan,White,72122.0,4.0,5,4.18,17254.07,22943.0
Nissan,Blue,43149.0,4.0,5,3.03,14240.59,19502.0
Nissan,White,24077.0,4.0,5,4.67,5155.67,15541.0
Toyota,Black,20714.0,4.0,5,3.68,5628.8,30407.0
Toyota,Black,26979.0,4.0,5,5.87,4596.08,35432.0
Nissan,White,223889.0,4.0,5,4.42,50653.62,10091.0
Nissan,Blue,166938.0,4.0,5,3.57,46761.34,11485.0
BMW,White,18394.0,5.0,5,3.81,4827.82,16128.75
Nissan,White,212081.0,3.0,5,4.32,49092.82,11192.0
Nissan,White,206073.0,5.0,5,5.84,35286.47,3944.0
Nissan,Black,67364.0,5.0,5,3.5,19246.86,15604.0
Toyota,White,71805.0,4.0,5,3.36,21370.54,35600.0
BMW,Red,35807.0,5.0,5,4.2,8525.48,17596.0
Nissan,White,175777.0,4.0,5,4.62,38046.97,13427.0
Toyota,White,131958.99,4.0,5,5.74,22989.37,35358.0
Nissan,White,18994.0,4.0,5,3.76,5051.6,7813.0
Toyota,Red,29689.0,4.0,5,3.95,7516.2,8743.0
Toyota,White,109013.0,4.0,5,3.11,35052.41,10628.0
Honda,Green,125802.0,4.0,5,4.83,26045.96,4754.0
Toyota,White,22788.0,4.0,5,5.95,3829.92,6784.0
Honda,Blue,43981.0,4.0,5,5.7,7715.96,17584.0
Toyota,White,132055.0,4.0,5,4.71,28037.15,10582.0
Honda,Blue,31677.0,4.0,5,4.54,6977.31,21754.0
Toyota,Red,133195.0,4.0,5,5.85,22768.38,14795.0
Honda,Blue,137233.0,4.0,5,5.35,25651.03,8809.0
Nissan,Blue,179666.0,4.0,5,3.54,50753.11,19258.0
Toyota,White,131958.99,4.0,5,3.01,43840.2,34133.0
Honda,White,21393.0,4.0,5,4.12,5192.48,20490.0
Nissan,Blue,41554.0,4.0,5,4.23,9823.64,31536.0
BMW,Blue,131958.99,5.0,5,3.31,39866.76,30412.0
Nissan,White,123923.0,4.0,5,3.04,40764.14,14986.0
BMW,White,148949.0,3.0,5,4.48,33247.54,23074.0
Toyota,Blue,103909.0,4.0,5,3.53,29435.98,4566.0
Toyota,White,50604.0,4.0,5,5.58,9068.82,10038.0
Toyota,Green,168432.0,4.0,5,3.1,54332.9,20497.0
Nissan,White,129188.0,4.0,5,4.72,27370.34,8071.0
Honda,Red,223416.0,4.0,5,4.69,47636.67,10707.0
Toyota,White,66538.0,4.0,5,5.87,11335.26,16128.75
Nissan,Green,149042.0,3.0,5,4.79,31115.24,10835.0
Nissan,White,149347.0,3.0,5,5.47,27302.93,5332.0
BMW,White,39267.0,5.0,5,5.94,6610.61,19106.0
Toyota,Black,147540.0,4.0,5,5.09,28986.25,20155.0
Toyota,Green,218482.0,4.0,5,4.23,51650.59,10198.0
Honda,White,202855.0,4.0,5,3.09,65648.87,8260.0
Honda,White,213793.0,4.0,5,4.29,49835.2,12402.0
BMW,Blue,86805.0,5.0,5,3.17,27383.28,34110.0
Honda,White,100527.0,4.0,5,4.58,21949.13,22616.0
Honda,Blue,37678.0,4.0,5,3.87,9735.92,6361.0
Nissan,White,215169.0,4.0,5,4.97,43293.56,14793.0
Nissan,Blue,211249.0,4.0,5,3.74,56483.69,15767.0
Honda,Blue,96389.0,4.0,5,5.67,16999.82,7861.0
Honda,Blue,50417.0,4.0,5,3.14,16056.37,25847.0
Nissan,Blue,178405.0,5.0,5,4.18,42680.62,8693.0
Nissan,Blue,163423.0,4.0,5,5.86,27887.88,7193.0
Toyota,Blue,63975.0,4.0,5,3.47,18436.6,21851.0
Toyota,White,97036.0,4.0,5,3.84,25269.79,16128.75
Honda,Blue,54380.0,4.0,5,4.44,12247.75,20282.0
Nissan,Black,240536.0,4.0,5,4.33,55551.04,3247.0
Toyota,White,188755.0,4.0,5,3.23,58438.08,17980.0
Toyota,Blue,51155.0,4.0,5,5.16,9913.76,15960.0
Toyota,Blue,94916.0,4.0,5,4.87,19489.94,16128.75
Toyota,Blue,38544.0,4.0,5,5.93,6499.83,34286.0
Honda,White,131958.99,4.0,5,5.69,23191.39,10076.0
BMW,Black,158339.0,5.0,5,5.29,29931.76,23287.0
Toyota,Red,33400.0,4.0,5,3.64,9175.82,12398.0
Nissan,White,118470.0,3.0,5,3.16,37490.51,20075.0
Toyota,Blue,89501.0,4.0,5,4.53,19757.4,12218.0
Toyota,White,87594.0,4.0,5,4.17,21005.76,20100.0
Nissan,Green,32754.0,4.0,5,4.21,7780.05,13146.0
Nissan,Red,191810.0,3.0,5,4.1,46782.93,14189.0
Honda,Black,61749.0,4.0,5,3.18,19417.92,9290.0
Toyota,Blue,237190.0,4.0,5,3.26,72757.67,7800.0
Honda,White,166028.0,4.0,5,5.97,27810.39,13056.0
BMW,White,126441.0,5.0,5,3.29,38431.91,39738.0
Toyota,Green,58118.0,4.0,5,4.89,11885.07,6848.0
Honda,White,76343.0,4.0,5,5.4,14137.59,7097.0
Toyota,White,188338.0,4.0,5,5.2,36218.85,13106.0
Toyota,Black,40285.0,4.0,5,5.05,7977.23,7846.0
Honda,White,74192.0,4.0,5,4.14,17920.77,8706.0
Toyota,Green,172401.0,5.0,5,3.86,44663.47,5454.0
Honda,Blue,78153.0,4.0,5,4.12,18969.17,10316.0
Toyota,Green,146940.0,4.0,5,5.08,28925.2,25133.0
Nissan,White,193874.0,4.0,5,5.67,34192.95,10596.0
Honda,Blue,184320.0,4.0,5,5.33,34581.61,6978.0
Honda,Red,95243.0,4.0,5,4.03,23633.5,13559.0
Honda,Blue,84719.0,4.0,5,5.0,16943.8,26402.0
Toyota,Blue,99761.0,4.0,5,5.07,19676.73,10547.0
Nissan,Red,150563.0,4.0,5,3.9,38605.9,16115.0
Toyota,Blue,154576.0,4.0,5,4.69,32958.64,12553.0
Honda,White,211862.0,4.0,5,4.06,52182.76,12476.0
Nissan,Black,125251.0,4.0,5,4.1,30549.02,18306.0
Toyota,Blue,90856.0,4.0,5,4.77,19047.38,33077.0
Honda,White,131958.99,4.0,5,4.98,26497.79,22746.0
Toyota,Black,24764.0,4.0,5,5.23,4734.99,8856.0
Honda,White,43437.0,5.0,5,4.34,10008.53,28013.0
Honda,White,25729.0,4.0,5,3.4,7567.35,9155.0
Honda,Green,238825.0,4.0,5,4.01,59557.36,9530.0
BMW,White,206446.0,5.0,5,4.15,49746.02,19892.0
BMW,White,131958.99,5.0,5,5.34,24711.42,38128.0
Honda,Blue,42324.0,4.0,5,4.73,8947.99,12531.0
Toyota,White,183368.0,4.0,5,5.29,34663.14,18198.0
Nissan,Blue,141962.0,4.0,5,4.39,32337.59,5595.0
Toyota,Green,214179.0,4.0,5,5.76,37183.85,12872.0
BMW,White,195419.0,5.0,5,4.46,43815.92,29308.0
Nissan,Blue,158730.0,3.0,5,4.66,34062.23,12104.0
Honda,White,28791.0,4.0,5,4.04,7126.49,19052.0
Toyota,White,117504.0,4.0,5,4.38,26827.4,25874.0
Honda,Blue,63825.0,4.0,5,5.15,12393.2,23339.0
Toyota,Green,142598.0,4.0,5,5.85,24375.73,21830.0
Toyota,White,88015.0,4.0,5,5.72,15387.24,22794.0
BMW,Blue,79301.0,5.0,5,3.89,20385.86,35004.0
Toyota,Red,241987.0,4.0,5,4.47,54135.79,9734.0
BMW,Red,39323.0,5.0,5,5.23,7518.74,18691.0
Nissan,White,209259.0,4.0,5,5.36,39040.86,10823.0
Honda,Red,120306.0,4.0,5,3.26,36903.68,18346.0
Toyota,Blue,148421.0,4.0,5,5.26,28216.92,9953.0
Toyota,Blue,225286.0,4.0,5,5.5,40961.09,12086.0
Honda,White,108206.0,4.0,5,4.62,23421.21,13208.0
Toyota,Green,131958.99,4.0,5,5.67,23273.19,19936.0
Honda,Blue,61828.0,4.0,5,3.01,20540.86,27787.0
Honda,Blue,173693.0,4.0,5,3.32,52317.17,11092.0
BMW,White,194157.0,5.0,5,5.01,38753.89,34856.0
Honda,Blue,232904.0,4.0,5,4.4,52932.73,7725.0
Nissan,White,196374.0,4.0,5,5.14,38205.06,7032.0
Toyota,White,48184.0,4.0,5,3.41,14130.21,15095.0
Nissan,Green,189739.0,4.0,5,4.56,41609.43,16730.0
Honda,Red,164352.0,4.0,5,3.95,41608.1,14160.0
Honda,Blue,26616.0,4.0,5,3.88,6859.79,9521.0
Toyota,White,203804.0,4.0,5,3.59,56769.92,5273.0
Toyota,White,58054.0,4.0,5,5.4,10750.74,10180.0
BMW,Blue,63321.0,3.0,5,3.21,19726.17,39021.0
BMW,Red,33911.0,5.0,5,5.39,6291.47,16128.75
BMW,White,173915.0,5.0,5,3.44,50556.69,14404.0
Toyota,Black,217253.0,4.0,5,5.13,42349.51,16603.0
Honda,White,131958.99,4.0,5,3.39,38925.96,7076.0
Toyota,Black,140756.0,4.0,5,3.75,37534.93,26954.0
Nissan,Blue,131958.99,4.0,5,4.58,28812.01,18182.0
Nissan,Blue,124116.0,5.0,5,4.54,27338.33,5386.0
Nissan,Red,128235.0,4.0,5,4.88,26277.66,8327.0
Nissan,Red,157169.0,4.0,5,4.96,31687.3,16128.75
Honda,Red,61504.0,4.0,5,3.72,16533.33,12046.0
Toyota,White,242084.0,4.0,5,4.48,54036.61,13111.0
Toyota,White,61623.0,4.0,5,4.95,12449.09,35760.0
Honda,Green,46085.0,4.0,5,5.49,8394.35,29681.0
Honda,White,67599.0,5.0,5,4.0,16899.75,10516.0
Toyota,White,59222.0,4.0,5,5.85,10123.42,32676.0
Honda,Black,237861.0,4.0,5,4.15,57315.9,10374.0
Honda,Blue,136392.0,4.0,5,5.97,22846.23,12146.0
BMW,White,29534.0,5.0,5,4.57,6462.58,28414.0
Nissan,Green,190794.0,3.0,5,5.96,32012.42,17917.0
Honda,White,223685.0,4.0,5,5.82,38433.85,9379.0
Honda,White,85975.0,4.0,5,3.6,23881.94,27640.0
BMW,White,23996.0,5.0,5,3.9,6152.82,48239.0
Toyota,Blue,85473.0,4.0,5,5.56,15372.84,22002.0
Toyota,White,236674.0,4.0,5,3.25,72822.77,15234.0
Nissan,Blue,193135.0,3.0,5,3.58,53948.32,13005.0
Honda,White,131958.99,4.0,5,5.82,22673.37,28983.0
BMW,Blue,245427.0,5.0,5,5.22,47016.67,17520.0
Honda,Blue,106494.0,4.0,5,5.93,17958.52,17858.0
Toyota,White,196840.0,4.0,5,5.94,33138.05,10646.0
Nissan,White,116279.0,4.0,5,3.47,33509.8,16179.0
BMW,Blue,131958.99,3.0,5,3.21,41108.72,16391.0
Honda,White,195829.0,4.0,5,4.12,47531.31,17866.0
Toyota,Blue,239004.0,4.0,5,3.9,61283.08,8566.0
Honda,Red,238609.0,4.0,5,4.15,57496.14,5052.0
Toyota,Green,44436.0,4.0,5,3.24,13714.81,17317.0
Honda,White,224292.0,4.0,5,3.49,64267.05,6431.0
Nissan,White,43540.0,5.0,5,4.32,10078.7,9263.0
Honda,Green,37606.0,4.0,5,4.14,9083.57,13255.0
Nissan,White,215130.0,4.0,5,5.25,40977.14,11768.0
Toyota,Black,198564.0,4.0,5,5.85,33942.56,7708.0
Honda,Red,11035.0,4.0,5,4.99,2211.42,10602.0
Toyota,Red,197616.0,4.0,5,3.22,61371.43,14089.0
Honda,White,171260.0,4.0,5,3.9,43912.82,18524.0
Toyota,White,20985.0,4.0,5,5.5,3815.45,33353.0
Honda,White,246079.0,4.0,5,4.63,53148.81,10872.0
Nissan,White,133441.0,4.0,5,3.29,40559.57,21921.0
Toyota,Red,162665.0,4.0,5,5.39,30179.04,7042.0
Toyota,Blue,44815.0,4.0,5,5.66,7917.84,8460.0
Toyota,Black,103472.0,5.0,5,3.35,30887.16,15184.0
Nissan,White,234161.0,4.0,5,5.6,41814.46,13200.0
Toyota,Blue,222542.0,4.0,5,4.57,48696.28,8834.0
Honda,Blue,230570.0,5.0,5,5.35,43097.2,10676.0
Toyota,White,134862.0,4.0,5,4.07,33135.63,12353.0
Toyota,White,55828.0,4.0,5,4.03,13853.1,23311.0
Honda,White,61163.0,4.0,5,3.64,16803.02,18375.0
Honda,Red,108681.0,4.0,5,5.16,21062.21,10740.0
Nissan,Blue,174825.0,3.0,5,5.33,32800.19,4863.0
BMW,White,203517.0,5.0,5,3.52,57817.33,26846.0
Toyota,Green,180760.0,4.0,5,4.65,38873.12,10380.0
Toyota,Blue,52054.0,4.0,5,5.04,10328.17,10888.0
Toyota,Blue,118308.0,4.0,5,3.64,32502.2,20237.0
Toyota,White,12141.0,4.0,5,5.89,2061.29,17556.0
BMW,White,131958.99,5.0,5,3.37,39156.97,32887.0
Nissan,Blue,104355.0,4.0,5,3.14,33234.08,18058.0
Toyota,White,230943.0,4.0,5,5.82,39680.93,13560.0
Toyota,White,131958.99,4.0,5,5.33,24757.78,16128.75
Honda,White,29514.0,4.0,5,5.25,5621.71,19357.0
Honda,Green,94062.0,4.0,5,3.17,29672.56,27057.0
Nissan,White,131958.99,3.0,5,3.13,42159.42,23868.0
Honda,Red,163045.0,4.0,5,5.7,28604.39,17035.0
Toyota,Blue,165301.0,4.0,5,5.05,32732.87,10429.0
Toyota,Blue,161572.0,5.0,5,5.86,27572.01,15088.0
Toyota,Green,151291.0,4.0,5,5.37,28173.37,6200.0
Toyota,Blue,234051.0,5.0,5,3.83,61109.92,11616.0
Toyota,Blue,232912.0,4.0,5,6.0,38818.67,6029.0
BMW,Blue,130817.0,3.0,5,5.25,24917.52,31392.0
Toyota,Blue,135080.0,4.0,5,4.83,27966.87,13652.0
Nissan,Blue,197823.0,3.0,5,4.78,41385.56,17860.0
Toyota,White,170466.0,4.0,5,4.27,39921.78,3974.0
Toyota,White,112292.0,4.0,5,3.78,29706.88,24834.0
Nissan,Blue,195494.0,4.0,5,3.78,51717.99,6460.0
Nissan,Blue,111015.0,3.0,5,5.29,20985.82,7252.0
Honda,Blue,247869.0,4.0,5,5.2,47667.12,11982.0
Toyota,Black,188514.0,4.0,5,5.66,33306.36,16128.75
Toyota,Green,165225.0,4.0,5,4.48,36880.58,10841.0
Honda,Black,175075.0,4.0,5,3.56,49178.37,16128.75
Honda,White,187663.0,4.0,5,5.59,33571.2,13433.0
Toyota,Red,65435.0,4.0,5,4.43,14770.88,24949.0
Honda,White,80664.0,4.0,5,3.41,23655.13,20981.0
Toyota,White,119439.0,4.0,5,4.53,26366.23,17340.0
Honda,White,144093.0,4.0,5,3.7,38944.05,17036.0
Toyota,White,127161.0,4.0,5,5.85,21736.92,4871.0
Honda,White,40749.0,4.0,5,4.0,10187.25,25649.0
Nissan,Blue,192557.0,4.0,5,5.53,34820.43,6672.0
Toyota,White,117571.0,4.0,5,5.45,21572.66,23719.0
BMW,White,176864.0,5.0,5,5.5,32157.09,24938.0
Honda,Blue,191658.0,4.0,5,5.06,37877.08,17597.0
Toyota,Black,132103.0,5.0,5,3.02,43742.72,10439.0
Honda,Red,47933.0,4.0,5,5.3,9043.96,10301.0
Toyota,White,50756.0,4.0,5,3.15,16113.02,11738.0
Honda,Blue,196835.0,4.0,5,4.21,46754.16,15623.0
Honda,Blue,106744.0,4.0,5,3.17,33673.19,16223.0
Nissan,White,131958.99,4.0,5,4.59,28749.24,3974.0
BMW,Blue,103283.0,3.0,5,3.03,34086.8,22176.0
Toyota,White,134415.0,5.0,5,3.2,42004.69,5125.0
Honda,Black,155682.0,5.0,5,4.85,32099.38,9992.0
Toyota,White,164093.0,4.0,5,3.17,51764.35,3893.0
Toyota,Blue,119745.0,4.0,5,4.33,27654.73,23902.0
Honda,White,145850.0,4.0,5,3.11,46897.11,17876.0
Nissan,White,24420.0,4.0,5,4.8,5087.5,14198.0
Honda,White,213324.0,4.0,5,4.34,49153.0,8704.0
Honda,White,34822.0,4.0,5,4.13,8431.48,14613.0
Toyota,Red,180473.0,4.0,5,3.08,58595.13,6568.0
Honda,White,71283.0,4.0,5,5.47,13031.63,7497.0
Honda,White,178774.0,4.0,5,5.7,31363.86,15047.0
Toyota,Blue,112223.0,4.0,5,5.58,20111.65,4753.0
Toyota,Blue,198570.0,4.0,5,3.85,51576.62,17284.0
Toyota,White,214493.0,4.0,5,4.22,50827.73,12434.0
Nissan,White,64362.0,4.0,5,4.08,15775.0,28993.0
Honda,Blue,104304.0,4.0,5,5.91,17648.73,23017.0
Nissan,Blue,71527.0,4.0,5,5.64,12682.09,17961.0
Honda,White,220876.0,4.0,5,3.11,71021.22,16128.75
Nissan,Blue,76412.0,4.0,5,5.78,13220.07,13492.0
Toyota,Blue,243255.0,4.0,5,5.08,47884.84,7378.0
Honda,White,144088.0,4.0,5,3.25,44334.77,5838.0
Honda,Blue,196526.0,4.0,5,4.51,43575.61,6242.0
Honda,White,89291.0,4.0,5,5.9,15134.07,13703.0
Nissan,Blue,18044.0,3.0,5,5.87,3073.94,14227.0
Nissan,White,88908.0,4.0,5,3.32,26779.52,22155.0
Honda,White,24358.0,4.0,5,5.94,4100.67,26675.0
Toyota,White,175955.0,4.0,5,3.86,45584.2,7598.0
Toyota,White,131958.99,4.0,5,4.45,29653.71,8500.0
Toyota,White,177571.0,4.0,5,4.15,42788.19,14318.0
Toyota,White,227387.0,4.0,5,3.75,60636.53,3895.0
Toyota,Blue,131958.99,4.0,5,3.25,40602.77,10834.0
BMW,Blue,85320.0,3.0,5,4.74,18000.0,16517.0
Toyota,White,210123.0,4.0,5,5.89,35674.53,11731.0
Toyota,White,193629.0,4.0,5,4.7,41197.66,12745.0
Toyota,White,131958.99,4.0,5,3.98,33155.53,16128.75
BMW,Blue,93792.0,3.0,5,4.21,22278.38,35264.0
Toyota,Red,157432.0,4.0,5,5.07,31051.68,8260.0
Honda,Black,226391.0,4.0,5,5.66,39998.41,15879.0
Honda,Blue,152547.0,4.0,5,3.37,45266.17,10259.0
Nissan,Blue,10954.0,4.0,5,4.66,2350.64,30439.0
Toyota,White,83594.0,5.0,5,3.24,25800.62,13648.0
BMW,Blue,142189.0,3.0,5,3.62,39278.73,23336.0
Honda,Blue,210446.0,4.0,5,4.89,43035.99,3594.0
Honda,Blue,172266.0,4.0,5,5.32,32380.83,18327.0
Toyota,Blue,169449.0,4.0,5,3.7,45797.03,10855.0
Toyota,Blue,244204.0,4.0,5,3.82,63927.75,6121.0
BMW,Blue,72575.0,5.0,5,3.93,18466.92,41294.0
BMW,Blue,55789.0,3.0,5,4.74,11769.83,26677.0
Toyota,White,240937.0,4.0,5,3.59,67113.37,16128.75
Toyota,Red,193006.0,4.0,5,5.89,32768.42,5101.0
Honda,White,10953.0,4.0,5,4.31,2541.3,16636.0
Honda,White,18933.0,4.0,5,4.91,3856.01,8014.0
Honda,Blue,37625.0,4.0,5,3.22,11684.78,6241.0
Nissan,White,176135.0,3.0,5,5.57,31622.08,17127.0
Honda,Blue,234760.0,4.0,5,4.92,47715.45,11411.0
Toyota,Blue,81864.0,4.0,5,5.75,14237.22,29293.0
Toyota,White,149466.0,4.0,5,3.26,45848.47,16128.75
Nissan,Black,141109.0,4.0,5,5.79,24371.16,16128.75
Toyota,White,189194.0,4.0,5,4.76,39746.64,4946.0
Toyota,Blue,42480.0,4.0,5,5.39,7881.26,19720.0
Toyota,White,146307.0,4.0,5,5.57,26266.97,13508.0
BMW,Red,131587.0,5.0,5,3.72,35372.85,15652.0
Toyota,Blue,98890.0,4.0,5,5.35,18484.11,26926.0
Toyota,Blue,188658.0,4.0,5,4.25,44390.12,14312.0
Nissan,Blue,45668.0,4.0,5,4.65,9821.08,13310.0
BMW,Green,162607.0,5.0,5,4.84,33596.49,14074.0
Toyota,White,149989.0,4.0,5,5.29,28353.31,5260.0
Honda,Red,169579.0,5.0,5,4.03,42079.16,8089.0
Toyota,White,36463.0,4.0,5,5.83,6254.37,16805.0
Honda,White,28625.0,4.0,5,5.54,5166.97,8753.0
BMW,Red,100060.0,5.0,5,4.67,21426.12,38060.0
Nissan,White,43600.0,4.0,5,5.75,7582.61,10030.0
Toyota,Blue,52196.0,4.0,5,5.82,8968.38,11076.0
Toyota,Black,59249.0,4.0,5,5.77,10268.46,9108.0
Honda,Blue,127589.0,4.0,5,3.36,37972.92,15610.0
Nissan,Green,90446.0,4.0,5,5.34,16937.45,13251.0
Nissan,Black,59335.0,4.0,5,5.95,9972.27,28354.0
Toyota,Blue,71306.0,4.0,5,3.81,18715.49,23747.0
Honda,Blue,73286.0,4.0,5,4.2,17449.05,19629.0
Toyota,Black,121160.0,4.0,5,3.8,31884.21,8380.0
Nissan,White,63355.0,4.0,5,4.27,14837.24,22989.0
Toyota,Blue,98619.0,4.0,5,5.13,19223.98,33324.0
Toyota,Blue,200597.0,4.0,5,5.51,36405.99,13147.0
Honda,White,146703.0,4.0,5,3.75,39120.8,20642.0
Honda,Blue,133117.0,5.0,5,4.59,29001.53,10344.0
BMW,Black,192316.0,5.0,5,4.45,43217.08,25490.0
Honda,Blue,127157.0,4.0,5,3.6,35321.39,7682.0
Honda,White,193179.0,5.0,5,4.81,40161.95,7827.0
Honda,White,134949.0,4.0,5,5.83,23147.34,17622.0
Toyota,White,216257.0,4.0,5,4.58,47217.69,17171.0
Honda,Red,111727.0,4.0,5,3.82,29247.91,10101.0
Toyota,White,86480.0,4.0,5,4.21,20541.57,16319.0
Toyota,White,73360.0,4.0,5,3.12,23512.82,18653.0
Honda,White,164703.0,4.0,5,5.72,28794.23,12201.0
BMW,White,143651.0,5.0,5,3.54,40579.38,22597.0
Toyota,Black,58773.0,4.0,5,5.88,9995.41,20893.0
Toyota,White,72118.0,4.0,5,5.31,13581.54,16892.0
Honda,White,14700.0,4.0,5,3.69,3983.74,26973.0
Toyota,White,117637.0,4.0,5,3.96,29706.31,17256.0
Nissan,White,129820.0,5.0,5,5.54,23433.21,6960.0
Honda,White,18246.0,4.0,5,3.45,5288.7,21684.0
Toyota,White,131958.99,4.0,5,5.49,24036.25,5094.0
Honda,White,92883.0,4.0,5,4.72,19678.6,14931.0
Toyota,Green,119394.0,4.0,5,3.38,35323.67,11773.0
Nissan,Black,178899.0,4.0,5,3.18,56257.55,5222.0
Toyota,White,172018.0,4.0,5,4.84,35540.91,10196.0
Toyota,Blue,98971.0,4.0,5,5.61,17641.89,16226.0
Nissan,White,215026.0,4.0,5,3.92,54853.57,16128.75
Honda,White,33261.0,4.0,5,5.52,6025.54,28104.0
Toyota,White,185742.0,4.0,5,4.06,45749.26,16865.0
Toyota,Blue,119311.0,4.0,5,5.34,22342.88,26816.0
Nissan,Blue,131958.99,4.0,5,4.96,26604.64,9545.0
Nissan,White,246825.0,3.0,5,3.06,80661.76,13647.0
Toyota,Black,225991.0,4.0,5,3.03,74584.49,16128.75
Toyota,Red,159925.0,4.0,5,5.07,31543.39,14028.0
Nissan,White,51004.0,4.0,5,4.71,10828.87,31633.0
Toyota,White,216076.0,4.0,5,5.99,36072.79,12152.0
Toyota,White,231683.0,4.0,5,4.32,53630.32,16001.0
Toyota,Blue,135237.0,4.0,5,4.47,30254.36,18358.0
Nissan,White,193389.0,4.0,5,5.76,33574.48,7443.0
Toyota,White,143104.0,4.0,5,3.87,36977.78,4589.0
BMW,White,146911.0,3.0,5,3.85,38158.7,17076.0
Toyota,White,199985.0,4.0,5,3.37,59342.73,21007.0
Toyota,White,114202.0,4.0,5,4.72,24195.34,22505.0
Toyota,White,66150.0,4.0,5,5.28,12528.41,25111.0
Honda,Blue,42420.0,5.0,5,3.05,13908.2,7376.0
Nissan,Blue,111256.0,4.0,5,5.57,19974.15,10919.0
BMW,Black,181572.0,5.0,5,4.62,39301.3,25763.0
Nissan,Red,209976.0,4.0,5,3.04,69071.05,4200.0
Honda,Green,81764.0,4.0,5,5.92,13811.49,29004.0
Nissan,White,82429.0,4.0,5,3.53,23350.99,8979.0
Honda,Black,221461.0,4.0,5,3.65,60674.25,10450.0
Honda,White,47712.0,4.0,5,5.35,8918.13,18029.0
Toyota,Blue,131958.99,4.0,5,3.21,41108.72,19175.0
Toyota,Black,222813.0,4.0,5,5.8,38416.03,16128.75
Toyota,White,107410.0,4.0,5,3.76,28566.49,24990.0
Toyota,Blue,14645.0,4.0,5,3.05,4801.64,21326.0
Toyota,Blue,67120.0,4.0,5,4.2,15980.95,16128.75
Nissan,Red,131958.99,4.0,5,3.23,40854.18,17144.0
Nissan,White,26634.0,4.0,5,3.11,8563.99,12024.0
Toyota,White,118706.0,4.0,5,5.18,22916.22,20705.0
BMW,Green,209340.0,5.0,5,5.11,40966.73,29140.0
Nissan,Blue,38233.0,4.0,5,3.68,10389.4,23483.0
Toyota,Blue,131958.99,4.0,5,5.35,24665.23,13213.0
Nissan,White,152215.0,4.0,5,3.65,41702.74,16519.0
Honda,Blue,30120.0,4.0,5,3.6,8366.67,6357.0
Toyota,Red,68125.0,4.0,5,5.89,11566.21,8105.0
Toyota,Blue,207048.0,4.0,5,3.31,62552.27,10663.0
Honda,White,126854.0,4.0,5,3.94,32196.45,12311.0
Honda,Red,236800.0,4.0,5,3.09,76634.3,16128.75
Nissan,Blue,180739.0,4.0,5,3.18,56836.16,19389.0
Nissan,Red,196130.0,3.0,5,4.08,48071.08,13707.0
Honda,Green,164493.0,4.0,5,5.54,29691.88,13866.0
Honda,Blue,207344.0,4.0,5,3.08,67319.48,4941.0
Nissan,White,228090.0,4.0,5,5.86,38923.21,16366.0
Toyota,Blue,180156.0,4.0,5,4.28,42092.52,14086.0
Toyota,White,110362.0,4.0,5,3.36,32845.83,13560.0
BMW,Blue,69358.0,5.0,5,3.64,19054.4,47260.0
Toyota,White,124057.0,4.0,5,3.94,31486.55,18919.0
Toyota,Blue,126078.0,4.0,5,5.25,24014.86,14442.0
Nissan,Blue,224410.0,4.0,5,4.83,46461.7,13244.0
Toyota,Green,221725.0,4.0,5,3.25,68223.08,6742.0
Honda,Blue,131958.99,5.0,5,3.8,34726.05,22042.0
Toyota,White,35673.0,4.0,5,4.24,8413.44,35683.0
Honda,White,205597.0,4.0,5,3.51,58574.64,4239.0
Honda,Blue,76579.0,4.0,5,5.47,13999.82,20511.0
Nissan,White,137477.0,4.0,5,5.8,23702.93,16128.75
Honda,White,120283.0,4.0,5,4.8,25058.96,19376.0
Honda,Black,51328.0,4.0,5,5.34,9611.99,10675.0
Toyota,Black,218253.0,4.0,5,3.31,65937.46,13176.0
Toyota,Blue,39311.0,4.0,5,3.19,12323.2,17520.0
Toyota,White,210193.0,4.0,5,3.7,56808.92,5653.0
Honda,Black,27788.0,4.0,5,4.19,6631.98,18919.0
Honda,Black,111097.0,4.0,5,5.34,20804.68,16072.0
Honda,Red,16079.0,4.0,5,4.73,3399.37,9954.0
Toyota,Blue,89641.0,4.0,5,5.47,16387.75,33463.0
BMW,Blue,72663.0,5.0,5,3.61,20128.25,40032.0
Toyota,Red,86284.0,5.0,5,4.33,19927.02,22542.0
Honda,White,95481.0,4.0,5,4.43,21553.27,8687.0
Honda,White,214405.0,4.0,5,5.78,37094.29,7982.0
Honda,White,52563.0,4.0,5,3.16,16633.86,26078.0
Honda,White,113704.0,4.0,5,5.08,22382.68,23280.0
Honda,Blue,73869.0,4.0,5,5.32,13885.15,27744.0
Honda,White,95579.0,4.0,5,5.57,17159.61,11135.0
Honda,Black,45152.0,4.0,5,5.66,7977.39,22825.0
Honda,Green,194035.0,4.0,5,5.66,34281.8,11648.0
Toyota,Blue,220679.0,4.0,5,3.96,55727.02,15508.0
Honda,White,102032.0,4.0,5,5.56,18351.08,19036.0
Toyota,Green,58938.0,4.0,5,5.72,10303.85,6602.0
Toyota,White,131958.99,4.0,5,4.2,31418.81,14021.0
Toyota,Blue,193276.0,4.0,5,4.74,40775.53,10522.0
Nissan,Blue,189182.0,5.0,5,4.74,39911.81,18834.0
Toyota,White,197393.0,4.0,5,5.34,36964.98,20879.0
Honda,White,42844.0,4.0,5,4.26,10057.28,29145.0
Toyota,White,122266.0,4.0,5,5.67,21563.67,17664.0
Toyota,Red,240017.0,4.0,5,3.21,74771.65,13728.0
Toyota,Green,88598.0,4.0,5,4.09,21662.1,19373.0
Toyota,Blue,216563.0,5.0,5,3.49,62052.44,7903.0
Honda,Black,123924.0,4.0,5,5.0,24784.8,21236.0
Toyota,White,185455.0,4.0,5,3.66,50670.77,16220.0
Nissan,Green,163080.0,4.0,5,5.14,31727.63,7973.0
Honda,Blue,142403.0,4.0,5,4.71,30234.18,6803.0
Nissan,White,127386.0,4.0,5,5.39,23633.77,8461.0
Toyota,White,142633.0,4.0,5,4.04,35305.2,10402.0
Toyota,Blue,215955.0,4.0,5,5.62,38426.16,7994.0
Nissan,Blue,46842.0,4.0,5,3.88,12072.68,28655.0
Nissan,Red,131958.99,4.0,5,4.22,31269.9,13127.0
Honda,Black,222786.0,4.0,5,3.04,73284.87,16128.75
Honda,White,130494.0,4.0,5,4.42,29523.53,5513.0
Toyota,White,131958.99,4.0,5,4.26,30976.29,20521.0
BMW,White,96224.0,5.0,5,5.63,17091.3,45720.0
Honda,Blue,176566.0,4.0,5,5.02,35172.51,13257.0
Toyota,Blue,171373.0,4.0,5,3.34,51309.28,9529.0
Toyota,Green,241507.0,5.0,5,4.36,55391.51,7724.0
Honda,Red,86427.0,4.0,5,4.58,18870.52,30854.0
Toyota,White,210863.0,4.0,5,4.91,42945.62,12112.0
Toyota,White,216647.0,4.0,5,5.26,41187.64,10207.0
BMW,Blue,35837.0,3.0,5,3.49,10268.48,33198.0
Honda,Blue,166595.0,5.0,5,5.87,28380.75,5138.0
Honda,Blue,68223.0,4.0,5,3.52,19381.53,27530.0
Honda,Blue,223005.0,4.0,5,4.32,51621.53,14431.0
Honda,Black,61120.0,4.0,5,4.77,12813.42,30374.0
Honda,Blue,83357.0,4.0,5,5.18,16092.08,22263.0
Nissan,White,20315.0,4.0,5,4.97,4087.53,8137.0
Toyota,Blue,152042.0,4.0,5,5.23,29071.13,20590.0
Honda,Black,213154.0,4.0,5,5.69,37461.16,8192.0
Nissan,White,24741.0,4.0,5,5.01,4938.32,20840.0
Toyota,Blue,247601.0,4.0,5,4.52,54778.98,11162.0
Honda,Blue,40912.0,4.0,5,4.25,9626.35,26885.0
Nissan,Black,218697.0,4.0,5,5.35,40877.94,5157.0
Toyota,White,26655.0,4.0,5,5.14,5185.8,11749.0
Honda,White,42137.0,4.0,5,5.08,8294.69,16128.75
Toyota,Black,71463.0,4.0,5,4.31,16580.74,31206.0
Toyota,Blue,149270.0,5.0,5,3.29,45370.82,21953.0
Honda,Blue,66613.0,4.0,5,4.59,14512.64,20450.0
Toyota,White,48674.0,4.0,5,4.15,11728.67,16128.75
Honda,White,123898.0,4.0,5,3.82,32434.03,20622.0
Toyota,Black,136271.0,4.0,5,3.07,44387.95,20242.0
Honda,Black,119033.0,4.0,5,5.02,23711.75,16774.0
Honda,Blue,50475.0,4.0,5,3.94,12810.91,8164.0
Honda,White,42379.0,4.0,5,4.06,10438.18,25382.0
Honda,Black,147889.0,4.0,5,4.04,36606.19,8916.0
Nissan,Green,76610.0,3.0,5,3.65,20989.04,16320.0
Nissan,Blue,249860.0,4.0,5,5.8,43079.31,14524.0
Honda,Red,113538.0,4.0,5,3.75,30276.8,16128.75
Honda,White,152212.0,4.0,5,5.82,26153.26,10580.0
BMW,White,26531.0,5.0,5,4.71,5632.91,19408.0
Toyota,White,137628.0,4.0,5,4.63,29725.27,18142.0
Toyota,Blue,33461.0,4.0,5,3.87,8646.25,16128.75
Honda,White,178134.0,4.0,5,5.55,32096.22,8870.0
Toyota,White,74919.0,4.0,5,4.16,18009.38,7183.0
Honda,Green,165101.0,4.0,5,3.91,42225.32,10377.0
Nissan,White,235952.0,4.0,5,3.83,61606.27,13272.0
Nissan,Black,77474.0,4.0,5,5.36,14454.1,22924.0
Honda,White,121416.0,5.0,5,4.32,28105.56,17690.0
Honda,Blue,196507.0,4.0,5,3.19,61600.94,17065.0
Toyota,Blue,95993.0,4.0,5,3.04,31576.64,28073.0
Nissan,Green,87701.0,4.0,5,5.31,16516.2,29656.0
BMW,White,192673.0,5.0,5,3.95,48777.97,23377.0
Nissan,White,205155.0,3.0,5,4.67,43930.41,10287.0
BMW,White,242935.0,3.0,5,3.52,69015.62,14767.0
Honda,Red,101835.0,4.0,5,5.93,17172.85,16110.0
Toyota,Black,26798.0,4.0,5,3.27,8195.11,28276.0
Toyota,Red,88571.0,4.0,5,4.47,19814.54,21431.0
Toyota,Red,49807.0,4.0,5,5.22,9541.57,25775.0
Nissan,White,71103.0,4.0,5,4.94,14393.32,6884.0
Honda,White,237209.0,4.0,5,4.37,54281.24,10494.0
Toyota,Green,37703.0,4.0,5,4.39,8588.38,16128.75
Toyota,White,26191.0,4.0,5,4.39,5966.06,15372.0
Toyota,Blue,213344.0,4.0,5,3.02,70643.71,16128.75
Honda,Blue,28561.0,4.0,5,3.21,8897.51,14204.0
Toyota,Blue,131958.99,4.0,5,4.31,30616.94,10024.0
Honda,Blue,120448.0,4.0,5,3.82,31530.89,12392.0
Nissan,White,19265.0,4.0,5,3.84,5016.93,21451.0
Honda,White,40134.0,4.0,5,4.69,8557.36,16273.0
Toyota,Black,86696.0,4.0,5,4.43,19570.2,30320.0
Toyota,Blue,23637.0,4.0,5,5.65,4183.54,16128.75
Nissan,Red,166895.0,4.0,5,5.02,33246.02,10061.0
Toyota,White,202435.0,4.0,5,3.25,62287.69,16867.0
Toyota,White,72725.0,4.0,5,3.05,23844.26,25735.0
Toyota,Blue,63501.0,4.0,5,5.32,11936.28,15260.0
Toyota,Black,228063.0,4.0,5,3.22,70827.02,16308.0
Nissan,Red,143204.0,3.0,5,5.38,26617.84,16719.0
Toyota,Green,213077.0,4.0,5,3.58,59518.72,16128.75
BMW,Blue,209466.0,5.0,5,4.29,48826.57,16128.75
BMW,White,33320.0,3.0,5,5.34,6239.7,27888.0
Honda,White,236432.0,4.0,5,3.94,60008.12,16128.75
Honda,White,41846.0,4.0,5,4.86,8610.29,10241.0
BMW,Red,38775.0,5.0,5,4.26,9102.11,16128.75
Toyota,Blue,226217.0,4.0,5,4.52,50048.01,15413.0
Honda,White,211154.0,4.0,5,4.59,46003.05,9402.0
Toyota,White,248416.0,4.0,5,3.59,69196.66,14717.0
Nissan,Red,131958.99,4.0,5,5.61,23522.1,15154.0
Nissan,Green,233054.0,4.0,5,5.21,44732.05,8930.0
Toyota,Blue,84787.0,4.0,5,4.86,17445.88,28414.0
Toyota,White,176172.0,4.0,5,4.96,35518.55,18923.0
Nissan,Black,170777.0,4.0,5,5.8,29444.31,9649.0
BMW,White,235774.0,5.0,5,3.01,78330.23,29401.0
Honda,Blue,161140.0,4.0,5,5.8,27782.76,11364.0
Toyota,Blue,189781.0,4.0,5,5.16,36779.26,10352.0
Honda,White,117907.0,4.0,5,3.61,32661.22,16908.0
Toyota,Green,213861.0,4.0,5,4.3,49735.12,3751.0
Toyota,Red,248634.0,5.0,5,3.48,71446.55,9919.0
Honda,Black,38327.0,4.0,5,3.22,11902.8,23728.0
Honda,White,225600.0,4.0,5,5.05,44673.27,16128.75
BMW,Black,54141.0,5.0,5,4.39,12332.8,37518.0
Honda,Blue,163297.0,4.0,5,4.91,33258.04,13263.0
Honda,White,24180.0,4.0,5,3.73,6482.57,9710.0
Toyota,Black,98409.0,4.0,5,5.54,17763.36,32863.0
Toyota,White,228619.0,4.0,5,5.4,42336.85,12058.0
Honda,Black,232910.0,4.0,5,3.85,60496.1,6690.0
Nissan,Blue,28390.0,3.0,5,3.64,7799.45,6504.0
Nissan,Green,107112.0,3.0,5,3.09,34664.08,16345.0
Nissan,White,48730.0,4.0,5,5.88,8287.41,11210.0
Nissan,White,192747.0,4.0,5,3.81,50589.76,6750.0
Toyota,Blue,177356.0,4.0,5,4.63,38305.83,15827.0
Toyota,White,146824.0,4.0,5,3.09,47515.86,16285.0
Honda,White,64574.0,4.0,5,4.21,15338.24,17654.0
Toyota,White,244404.0,4.0,5,4.09,59756.48,13334.0
Nissan,White,66199.0,4.0,5,4.5,14710.89,27557.0
Toyota,White,199315.0,4.0,5,4.18,47683.01,19453.0
Honda,White,203447.0,4.0,5,4.76,42740.97,3509.0
Honda,Blue,158301.0,4.0,5,4.73,33467.44,15297.0
Honda,White,82518.0,4.0,5,4.82,17119.92,22587.0
Honda,Blue,224900.0,4.0,5,4.57,49212.25,9104.0
Honda,White,56523.0,4.0,5,3.15,17943.81,6207.0
Toyota,Red,98854.0,4.0,5,3.08,32095.45,29876.0
Honda,Black,151414.0,4.0,5,5.32,28461.28,12186.0
Nissan,White,222917.0,4.0,5,4.07,54770.76,15673.0
Honda,Blue,67875.0,5.0,5,5.98,11350.33,17152.0
BMW,Blue,134103.0,5.0,5,3.19,42038.56,36109.0
Nissan,White,177272.0,4.0,5,4.66,38041.2,18248.0
Honda,Black,88002.0,4.0,5,5.79,15198.96,20219.0
Toyota,Black,112622.0,4.0,5,3.69,30520.87,15778.0
Toyota,Red,185940.0,4.0,5,5.41,34369.69,9685.0
Honda,Red,172705.0,4.0,5,3.33,51863.36,16128.75
Toyota,White,131958.99,4.0,5,4.44,29720.49,23844.0
Toyota,White,124205.0,4.0,5,5.33,23303.0,6917.0
Nissan,White,87997.0,4.0,5,4.14,21255.31,28596.0
Honda,White,148238.0,4.0,5,3.29,45057.14,11303.0
Toyota,White,10217.0,4.0,5,3.66,2791.53,22883.0
BMW,White,57905.0,3.0,5,3.83,15118.8,50868.0
Honda,White,70154.0,4.0,5,3.79,18510.29,27852.0
BMW,Blue,165375.0,5.0,5,3.78,43750.0,26540.0
Toyota,White,223727.0,4.0,5,3.97,56354.41,12901.0
Toyota,White,81656.0,4.0,5,5.14,15886.38,14282.0
Toyota,Red,189278.0,5.0,5,5.64,33559.93,9222.0
BMW,White,227845.0,5.0,5,4.88,46689.55,11298.0
Honda,White,13116.0,4.0,5,4.35,3015.17,16464.0
Toyota,White,69222.0,4.0,5,3.25,21299.08,29363.0
Honda,Blue,197664.0,4.0,5,5.43,36402.21,12950.0
Toyota,Black,146848.0,5.0,5,4.01,36620.45,7286.0
Honda,Blue,76252.0,4.0,5,4.2,18155.24,9500.0
Honda,White,121791.0,4.0,5,4.25,28656.71,6920.0
Toyota,White,235792.0,4.0,5,5.8,40653.79,10726.0
Toyota,Black,197498.0,4.0,5,5.58,35393.91,6956.0
Toyota,White,129188.0,4.0,5,4.14,31204.83,17609.0
Toyota,Blue,223875.0,4.0,5,6.0,37312.5,12650.0
Nissan,Blue,96785.0,4.0,5,5.42,17857.01,22949.0
Honda,White,187380.0,4.0,5,5.58,33580.65,4022.0
BMW,Black,11049.0,3.0,5,4.25,2599.76,19500.0
Toyota,Blue,76416.0,4.0,5,4.63,16504.54,21653.0
BMW,White,228678.0,5.0,5,4.22,54189.1,18557.0
Honda,Red,47404.0,4.0,5,3.32,14278.31,23554.0
Toyota,Green,172493.0,4.0,5,3.37,51184.87,14698.0
Honda,White,11119.0,4.0,5,4.36,2550.23,20845.0
BMW,Black,201190.0,3.0,5,5.33,37746.72,16705.0
Toyota,White,192890.0,4.0,5,5.78,33371.97,20130.0
Toyota,Black,72287.0,4.0,5,5.76,12549.83,13934.0
Toyota,Black,131958.99,4.0,5,3.56,37067.13,8513.0
Honda,Green,208651.0,4.0,5,4.55,45857.36,13722.0
Nissan,Blue,195105.0,3.0,5,4.6,42414.13,7823.0
Toyota,Blue,240627.0,4.0,5,3.48,69145.69,5285.0
BMW,Blue,131958.99,3.0,5,5.65,23355.57,30020.0
BMW,White,168854.0,5.0,5,5.93,28474.54,23240.0
Toyota,White,46848.0,4.0,5,5.49,8533.33,17795.0
Nissan,Blue,233501.0,4.0,5,5.41,43161.0,2796.0
Toyota,Black,97042.0,4.0,5,5.13,18916.57,8203.0
Nissan,Red,113987.0,4.0,5,5.28,21588.45,4968.0
Nissan,Green,223555.0,4.0,5,5.59,39991.95,11854.0
Nissan,Blue,63686.0,4.0,5,3.24,19656.17,14432.0
Toyota,White,147230.0,4.0,5,4.39,33537.59,16645.0
Honda,Blue,21146.0,4.0,5,4.9,4315.51,23064.0
Toyota,Blue,166679.0,4.0,5,3.83,43519.32,18222.0
Honda,Red,108794.0,4.0,5,3.05,35670.16,15962.0
Toyota,Blue,229110.0,4.0,5,3.5,65460.0,17258.0
Nissan,Red,131958.99,4.0,5,3.68,35858.42,21679.0
Honda,Blue,217068.0,4.0,5,3.25,66790.15,4358.0
Honda,White,133270.0,4.0,5,3.51,37968.66,21612.0
Toyota,Green,202862.0,4.0,5,5.73,35403.49,17635.0
Honda,White,136340.0,4.0,5,4.53,30097.13,19271.0
Toyota,Green,209457.0,5.0,5,5.75,36427.3,14590.0
Toyota,Black,224986.0,4.0,5,5.13,43856.92,11233.0
Toyota,Green,201964.0,4.0,5,4.0,50491.0,13637.0
Honda,Blue,63800.0,4.0,5,3.95,16151.9,26308.0
Toyota,Blue,61337.0,4.0,5,5.36,11443.47,28830.0
Honda,Blue,190532.0,4.0,5,4.38,43500.46,8479.0
Toyota,White,161870.0,4.0,5,4.61,35112.8,7157.0
BMW,Blue,212644.0,5.0,5,3.54,60068.93,19545.0
Toyota,White,30334.0,4.0,5,3.03,10011.22,35687.0
Honda,Black,158337.0,4.0,5,5.75,27536.87,4733.0
Nissan,White,219137.0,4.0,5,4.25,51561.65,5865.0
Toyota,Black,140913.0,4.0,5,4.69,30045.42,15967.0
Honda,Blue,195239.0,4.0,5,3.5,55782.57,14944.0
Honda,White,178351.0,4.0,5,5.44,32785.11,14331.0
BMW,Green,152243.0,5.0,5,5.92,25716.72,20108.0
Toyota,White,245977.0,4.0,5,5.66,43458.83,11036.0
Toyota,White,32748.0,4.0,5,3.83,8550.39,30323.0
Toyota,Green,60344.0,4.0,5,4.18,14436.36,16128.75
Honda,Blue,244434.0,4.0,5,4.8,50923.75,8253.0
Nissan,White,198923.0,4.0,5,5.84,34062.16,5135.0
Toyota,White,128294.0,4.0,5,5.88,21818.71,13608.0
BMW,Blue,179255.0,5.0,5,4.94,36286.44,33040.0
Toyota,White,22257.0,4.0,5,3.83,5811.23,27868.0
Toyota,White,85800.0,4.0,5,5.78,14844.29,20503.0
Toyota,Red,190211.0,4.0,5,3.63,52399.72,4454.0
Toyota,Blue,103202.0,4.0,5,5.3,19472.08,13394.0
Toyota,White,18812.0,4.0,5,5.82,3232.3,22643.0
Honda,White,29541.0,4.0,5,4.91,6016.5,8690.0
Honda,Red,123224.0,4.0,5,3.79,32512.93,16488.0
Honda,White,192655.0,4.0,5,3.33,57854.35,12609.0
Toyota,Blue,219420.0,4.0,5,5.99,36631.05,8952.0
Toyota,White,185146.0,4.0,5,4.06,45602.46,4566.0
Toyota,White,77677.0,5.0,5,5.31,14628.44,16128.75
Nissan,White,211504.0,4.0,5,3.59,58914.76,14084.0
Toyota,Green,88519.0,4.0,5,4.14,21381.4,18640.0
Toyota,White,78123.0,4.0,5,4.23,18468.79,24629.0
Toyota,White,201039.0,4.0,5,5.3,37931.89,16879.0
Nissan,Green,229929.0,4.0,5,4.24,54228.54,9803.0
BMW,White,83309.0,5.0,5,3.99,20879.45,45509.0
Toyota,White,148473.0,4.0,5,4.14,35863.04,23386.0
Toyota,White,10247.0,4.0,5,5.97,1716.42,32566.0
BMW,Blue,50363.0,5.0,5,5.18,9722.59,30104.0
Honda,Blue,187630.0,4.0,5,5.94,31587.54,15810.0
Nissan,Black,192250.0,4.0,5,5.06,37994.07,10962.0
Toyota,White,95725.0,4.0,5,5.31,18027.31,12523.0
Honda,White,136279.0,4.0,5,4.61,29561.61,5933.0
Toyota,White,239554.0,4.0,5,5.26,45542.59,10747.0
Honda,White,100884.0,4.0,5,3.68,27414.13,5145.0
Nissan,Red,124112.0,4.0,5,5.0,24822.4,7217.0
Nissan,White,114699.0,4.0,5,3.57,32128.57,16016.0
Toyota,Blue,198983.0,4.0,5,6.0,33163.83,18440.0
Toyota,Black,201753.0,4.0,5,4.17,48382.01,15097.0
Nissan,White,195056.0,4.0,5,3.33,58575.38,11140.0
Honda,White,30080.0,4.0,5,5.29,5686.2,18429.0
Honda,Blue,171303.0,4.0,5,3.64,47061.26,10821.0
Toyota,Red,220026.0,4.0,5,3.93,55986.26,9554.0
Honda,White,131958.99,4.0,5,5.24,25183.01,10130.0
Toyota,Blue,190406.0,4.0,5,4.02,47364.68,16128.75
BMW,Red,175134.0,5.0,5,3.41,51358.94,29487.0
Toyota,White,100107.0,4.0,5,3.48,28766.38,9878.0
BMW,Green,117440.0,5.0,5,5.21,22541.27,17322.0
Toyota,Blue,188036.0,4.0,5,5.91,31816.58,16128.75
Toyota,Blue,34521.0,4.0,5,5.99,5763.11,30191.0
Nissan,Blue,69954.0,4.0,5,3.57,19594.96,20938.0
BMW,Red,149413.0,5.0,5,5.82,25672.34,36864.0
Nissan,Green,235589.0,4.0,5,5.25,44874.1,5905.0
Toyota,Blue,125939.0,4.0,5,4.93,25545.44,10349.0
Honda,White,248301.0,4.0,5,5.8,42810.52,14026.0
Honda,Blue,248899.0,4.0,5,4.22,58980.81,5834.0
Nissan,Blue,209485.0,4.0,5,3.41,61432.55,13474.0
Toyota,White,62712.0,4.0,5,3.15,19908.57,24342.0
BMW,Green,112156.0,5.0,5,5.95,18849.75,12904.0
Toyota,Green,243177.0,4.0,5,4.48,54280.58,3125.0
Toyota,White,93593.0,4.0,5,3.57,26216.53,29638.0
Honda,Green,131958.99,4.0,5,5.62,23480.25,28599.0
Toyota,Blue,48684.0,4.0,5,4.58,10629.69,33817.0
Toyota,Red,107799.0,4.0,5,4.51,23902.22,13417.0
Toyota,White,112103.0,4.0,5,3.69,30380.22,7898.0
Toyota,White,74984.0,4.0,5,4.16,18025.0,16766.0
BMW,Blue,129040.0,5.0,5,4.34,29732.72,32353.0
Nissan,White,166735.0,4.0,5,5.56,29988.31,7350.0
Nissan,White,129883.0,4.0,5,5.14,25269.07,23945.0
Honda,White,245327.0,4.0,5,3.61,67957.62,8226.0
Toyota,White,51788.0,4.0,5,3.44,15054.65,6480.0
BMW,Blue,31277.0,5.0,5,4.79,6529.65,18139.0
Nissan,White,43191.0,4.0,5,4.54,9513.44,16128.75
Nissan,Blue,191024.0,3.0,5,5.31,35974.39,9450.0
BMW,White,69066.0,5.0,5,3.34,20678.44,22784.0
Honda,Blue,40635.0,4.0,5,5.29,7681.47,12402.0
Toyota,Red,13050.0,4.0,5,5.88,2219.39,9074.0
Honda,White,131958.99,4.0,5,5.21,25328.02,26813.0
Toyota,Green,110078.0,4.0,5,3.47,31722.77,13650.0
BMW,White,118286.0,5.0,5,4.74,24954.85,14145.0
BMW,White,212920.0,3.0,5,4.17,51059.95,11733.0
Honda,Black,231825.0,4.0,5,3.63,63863.64,12988.0
Toyota,White,112968.0,4.0,5,3.48,32462.07,18962.0
Honda,White,118609.0,4.0,5,3.06,38761.11,5465.0
Toyota,White,100657.0,4.0,5,4.27,23573.07,16128.75
Toyota,Red,210870.0,4.0,5,4.46,47280.27,16652.0
Toyota,White,218519.0,4.0,5,4.07,53690.17,16128.75
Honda,Red,211735.0,5.0,5,5.92,35766.05,16128.75
Honda,White,124924.0,4.0,5,5.69,21955.01,19832.0
Toyota,White,14497.0,4.0,5,3.2,4530.31,19838.0
Toyota,White,225284.0,4.0,5,4.58,49188.65,12408.0
Honda,Blue,236760.0,4.0,5,4.27,55447.31,12362.0
Honda,Blue,200219.0,4.0,5,3.36,59588.99,4606.0
BMW,Black,204746.0,5.0,5,3.74,54744.92,24494.0
Toyota,Green,106475.0,4.0,5,4.11,25906.33,24242.0
BMW,White,152410.0,5.0,5,3.69,41303.52,21580.0
Toyota,White,63832.0,4.0,5,3.79,16842.22,6698.0
Toyota,White,73869.0,4.0,5,4.41,16750.34,19572.0
Nissan,White,49310.0,4.0,5,5.0,9862.0,27146.0
BMW,Blue,244095.0,5.0,5,4.54,53765.42,25780.0
Toyota,Blue,229055.0,4.0,5,5.61,40829.77,10865.0
Toyota,Black,144944.0,4.0,5,5.9,24566.78,22873.0
Nissan,Black,10148.0,4.0,5,5.27,1925.62,27337.0
Toyota,Blue,181466.0,5.0,5,5.25,34564.95,14388.0
Toyota,White,248815.0,4.0,5,4.8,51836.46,9785.0
Honda,White,56534.0,4.0,5,4.3,13147.44,6676.0
Nissan,White,48277.0,4.0,5,4.35,11098.16,11406.0
Toyota,Green,131958.99,4.0,5,3.17,41627.44,9073.0
Toyota,White,28809.0,4.0,5,4.58,6290.17,22139.0
Toyota,Blue,237448.0,4.0,5,4.05,58629.14,16202.0
Toyota,Blue,23241.0,4.0,5,5.7,4077.37,14203.0
Nissan,White,135032.0,3.0,5,5.13,26322.03,6214.0
Nissan,White,213449.0,3.0,5,5.65,37778.58,7425.0
BMW,White,84327.0,5.0,5,5.78,14589.45,38233.0
Toyota,White,104722.0,4.0,5,4.07,25730.22,21006.0
Toyota,White,196225.0,4.0,5,4.17,47056.35,19812.0
Honda,Blue,131958.99,4.0,5,4.57,28875.05,23840.0
BMW,White,16274.0,5.0,5,5.93,2744.35,52458.0
BMW,Red,131958.99,5.0,5,3.53,37382.15,9362.0
Nissan,White,131958.99,3.0,5,4.34,30405.3,15861.0
BMW,White,232696.0,5.0,5,4.35,53493.33,26940.0
Nissan,White,40598.0,4.0,5,4.78,8493.31,24122.0
Nissan,White,83345.0,4.0,5,5.58,14936.38,6476.0
Nissan,Blue,234146.0,3.0,5,4.09,57248.41,12522.0
Nissan,Black,239908.0,4.0,5,3.42,70148.54,6567.0
Honda,White,131958.99,4.0,5,5.71,23110.16,11182.0
BMW,Blue,152772.0,3.0,5,4.51,33874.06,14588.0
Honda,Black,134825.0,4.0,5,5.22,25828.54,17315.0
Toyota,White,66633.0,4.0,5,3.66,18205.74,16128.75
Honda,Blue,228279.0,4.0,5,5.41,42195.75,13519.0
Honda,Black,231659.0,4.0,5,5.79,40010.19,9826.0
Nissan,White,19134.0,4.0,5,4.36,4388.53,23439.0
Toyota,Blue,149927.0,4.0,5,5.72,26211.01,8321.0
Honda,Red,98523.0,4.0,5,3.99,24692.48,29959.0
Honda,White,161712.0,4.0,5,5.21,31038.77,13546.0
Nissan,Red,113278.0,3.0,5,3.36,33713.69,15666.0
Honda,White,101311.0,4.0,5,5.61,18059.0,5421.0
Nissan,White,161699.0,4.0,5,3.36,48124.7,5594.0
BMW,Red,176660.0,5.0,5,3.56,49623.6,14134.0
Honda,White,31418.0,4.0,5,5.77,5445.06,22816.0
Nissan,White,143520.0,4.0,5,4.79,29962.42,7433.0
Toyota,White,149655.0,4.0,5,5.71,26209.28,14650.0
Toyota,White,122453.0,4.0,5,3.6,34014.72,24178.0
Toyota,White,21083.0,4.0,5,5.93,3555.31,35333.0
Honda,White,219635.0,4.0,5,4.48,49025.67,12216.0
Nissan,Green,203302.0,4.0,5,5.16,39399.61,5548.0
Honda,Blue,178863.0,4.0,5,5.16,34663.37,5168.0
Toyota,Red,148518.0,4.0,5,5.73,25919.37,25104.0
Honda,Black,143649.0,5.0,5,5.59,25697.5,7874.0
Nissan,Red,153074.0,4.0,5,3.48,43986.78,17487.0
Honda,White,53474.0,4.0,5,3.75,14259.73,16128.75
Toyota,Red,166046.0,4.0,5,3.55,46773.52,7955.0
Nissan,Blue,228192.0,4.0,5,5.85,39007.18,12641.0
Toyota,Blue,221076.0,4.0,5,3.94,56110.66,8786.0
Toyota,White,88224.0,4.0,5,4.16,21207.69,24304.0
BMW,Red,156064.0,5.0,5,3.1,50343.23,17105.0
Toyota,Green,132714.0,4.0,5,3.93,33769.47,17076.0
Toyota,Blue,17609.0,4.0,5,4.3,4095.12,16128.75
Toyota,Black,43171.0,4.0,5,4.08,10581.13,24354.0
Nissan,Blue,57558.0,3.0,5,3.78,15226.98,16622.0
Honda,White,52414.0,4.0,5,5.8,9036.9,11548.0
Honda,White,186495.0,4.0,5,5.5,33908.18,14849.0
Nissan,White,136022.0,4.0,5,4.58,29699.13,16128.75
BMW,White,102773.0,5.0,5,3.85,26694.29,29551.0
Toyota,Blue,92777.0,4.0,5,4.36,21279.13,32509.0
Toyota,White,103682.0,4.0,5,3.23,32099.69,10261.0
Toyota,Black,90508.0,4.0,5,5.11,17711.94,33758.0
Nissan,White,39639.0,3.0,5,4.84,8189.88,12315.0
Honda,Blue,26824.0,4.0,5,3.02,8882.12,28422.0
Nissan,White,186786.0,4.0,5,3.34,55923.95,16128.75
Honda,White,131958.99,4.0,5,4.05,32582.47,13070.0
Toyota,White,239760.0,4.0,5,4.56,52578.95,4896.0
Honda,Blue,96308.0,4.0,5,4.32,22293.52,15010.0
Toyota,White,107043.0,4.0,5,5.66,18912.19,7126.0
Toyota,Blue,39753.0,4.0,5,3.95,10064.05,34231.0
Honda,Blue,168261.0,4.0,5,4.77,35274.84,14691.0
Honda,Black,94941.0,4.0,5,4.41,21528.57,27598.0
BMW,Green,26839.0,5.0,5,4.89,5488.55,15224.0
Nissan,White,227278.0,4.0,5,4.25,53477.18,16128.75
BMW,Blue,45207.0,5.0,5,3.16,14306.01,35254.0
Toyota,Blue,186309.0,4.0,5,5.95,31312.44,16416.0
BMW,Black,178164.0,3.0,5,3.2,55676.25,24891.0
Honda,White,131958.99,4.0,5,4.71,28016.77,17939.0
Honda,Green,237627.0,4.0,5,3.71,64050.4,8430.0
Honda,White,22409.0,4.0,5,5.58,4015.95,10429.0
Toyota,Blue,95317.0,4.0,5,5.08,18763.19,7435.0
Toyota,Blue,128016.0,4.0,5,4.78,26781.59,16835.0
BMW,White,85739.0,5.0,5,4.03,21275.19,48419.0
Toyota,Black,17975.0,4.0,5,4.0,4493.75,17940.0
Toyota,Blue,230314.0,4.0,5,5.95,38708.24,6720.0
Toyota,White,129454.0,4.0,5,3.32,38992.17,6446.0
Honda,White,238172.0,4.0,5,5.7,41784.56,13273.0
Toyota,Red,131958.99,4.0,5,5.48,24080.11,14671.0
Nissan,Blue,157235.0,4.0,5,4.74,33171.94,4196.0
Honda,White,71934.0,4.0,5,5.34,13470.79,26882.0
Honda,White,215235.0,4.0,5,5.4,39858.33,3825.0
Nissan,Black,248736.0,4.0,5,4.02,61874.63,8358.0
Toyota,Red,41735.0,4.0,5,5.77,7233.1,13928.0
Toyota,White,173408.0,4.0,5,4.73,36661.31,8082.0
Honda,Blue,235985.0,4.0,5,5.77,40898.61,9184.0
Honda,Green,54721.0,4.0,5,4.55,12026.59,27419.0
Nissan,Black,162523.0,4.0,5,5.31,30606.97,4696.0
BMW,Blue,163322.0,3.0,5,4.12,39641.26,31666.0
Toyota,Black,35820.0,4.0,5,5.08,7051.18,32042.0
Nissan,Blue,66604.0,4.0,5,4.27,15598.13,31570.0
Honda,White,215883.0,4.0,5,3.01,71721.93,4001.0
Toyota,Blue,248360.0,4.0,5,4.53,54825.61,12732.0
